DOMAIN-SUFFIX,10minutemail.com
DOMAIN-SUFFIX,1337x.to
DOMAIN-SUFFIX,4pda.ru
DOMAIN-SUFFIX,ab.chatgpt.com
DOMAIN-SUFFIX,abook-club.ru
DOMAIN-SUFFIX,abs-0.twimg.com
DOMAIN-SUFFIX,abs-zero.twimg.com
DOMAIN-SUFFIX,abs.twimg.com
DOMAIN-SUFFIX,account-api.protonmail.com
DOMAIN-SUFFIX,account.protonmail.com
DOMAIN-SUFFIX,accounts.spotify.com
DOMAIN-SUFFIX,adguard.com
DOMAIN-SUFFIX,afcs.dellcdn.com
DOMAIN-SUFFIX,aftermarket.schaeffler.com
DOMAIN-SUFFIX,aftermarket.zf.com
DOMAIN-SUFFIX,agents.media
DOMAIN-SUFFIX,agentura.ru
DOMAIN-SUFFIX,alberta.ca
DOMAIN-SUFFIX,anilibria.tv
DOMAIN-SUFFIX,aol.com
DOMAIN-SUFFIX,api.app.prod.grazie.aws.intellij.net
DOMAIN-SUFFIX,api.github.com
DOMAIN-SUFFIX,api.home-connect.com
DOMAIN-SUFFIX,api.openai.com
DOMAIN-SUFFIX,api.protonmail.ch
DOMAIN-SUFFIX,api.radarr.video
DOMAIN-SUFFIX,api.themoviedb.org
DOMAIN-SUFFIX,api.twitter.com
DOMAIN-SUFFIX,aplawrence.com
DOMAIN-SUFFIX,app.m3u.in
DOMAIN-SUFFIX,app.paraswap.io
DOMAIN-SUFFIX,app.zerossl.com
DOMAIN-SUFFIX,appstorrent.ru
DOMAIN-SUFFIX,apt.releases.hashicorp.com
DOMAIN-SUFFIX,aqicn.org
DOMAIN-SUFFIX,arc.intel.com
DOMAIN-SUFFIX,artifacts.elastic.co
DOMAIN-SUFFIX,atlassian.com
DOMAIN-SUFFIX,auth.grazie.ai
DOMAIN-SUFFIX,auth.openai.com
DOMAIN-SUFFIX,auth0.openai.com
DOMAIN-SUFFIX,bard.google.com
DOMAIN-SUFFIX,bbc.co.uk
DOMAIN-SUFFIX,bbc.com
DOMAIN-SUFFIX,bbci.co.uk
DOMAIN-SUFFIX,bitbucket.org
DOMAIN-SUFFIX,bitcoin.org
DOMAIN-SUFFIX,bitru.org
DOMAIN-SUFFIX,booktracker.org
DOMAIN-SUFFIX,boosteroid.com
DOMAIN-SUFFIX,bosch-home.com
DOMAIN-SUFFIX,bradyid.com
DOMAIN-SUFFIX,browserleaks.com
DOMAIN-SUFFIX,bt.t-ru.org
DOMAIN-SUFFIX,bt2.t-ru.org
DOMAIN-SUFFIX,bt3.t-ru.org
DOMAIN-SUFFIX,bt4.t-ru.org
DOMAIN-SUFFIX,builds.parsec.app
DOMAIN-SUFFIX,canva.com
DOMAIN-SUFFIX,cdn.oaistatic.com
DOMAIN-SUFFIX,cdnfacebook.com
DOMAIN-SUFFIX,cdnfbsbx.com
DOMAIN-SUFFIX,cdninstagram.com
DOMAIN-SUFFIX,certifytheweb.com
DOMAIN-SUFFIX,chat.openai.com
DOMAIN-SUFFIX,chatgpt.com
DOMAIN-SUFFIX,checkout.buckaroo.nl
DOMAIN-SUFFIX,cherta.media
DOMAIN-SUFFIX,chess.com
DOMAIN-SUFFIX,cisco.com
DOMAIN-SUFFIX,citrix.com
DOMAIN-SUFFIX,clamav.net
DOMAIN-SUFFIX,cloud.mongodb.com
DOMAIN-SUFFIX,cloudflare-dns.com
DOMAIN-SUFFIX,cloudfront.net
DOMAIN-SUFFIX,colta.ru
DOMAIN-SUFFIX,community.cisco.com
DOMAIN-SUFFIX,connect.facebook.net
DOMAIN-SUFFIX,crunchyroll.com
DOMAIN-SUFFIX,czx.to
DOMAIN-SUFFIX,d.docs.live.net
DOMAIN-SUFFIX,database.clamav.net
DOMAIN-SUFFIX,deezer.com
DOMAIN-SUFFIX,dell.com
DOMAIN-SUFFIX,deviantart.com
DOMAIN-SUFFIX,devops.com
DOMAIN-SUFFIX,dist.torproject.org
DOMAIN-SUFFIX,docker.elastic.co
DOMAIN-SUFFIX,docs.redis.com
DOMAIN-SUFFIX,documentation.meraki.com
DOMAIN-SUFFIX,download.lenovo.com
DOMAIN-SUFFIX,download.screamingfrog.co.uk
DOMAIN-SUFFIX,download.wetransfer.com
DOMAIN-SUFFIX,doxajournal.ru
DOMAIN-SUFFIX,dual-a-0001.a-msedge.net
DOMAIN-SUFFIX,dw.com
DOMAIN-SUFFIX,dyson.com
DOMAIN-SUFFIX,e1v-h.phncdn.com
DOMAIN-SUFFIX,edge-chat.facebook.com
DOMAIN-SUFFIX,edge.microsoft.com
DOMAIN-SUFFIX,edgeservices.bing.com
DOMAIN-SUFFIX,ehorussia.com
DOMAIN-SUFFIX,ej.ru
DOMAIN-SUFFIX,etsy.com
DOMAIN-SUFFIX,euronews.com
DOMAIN-SUFFIX,event.on24.com
DOMAIN-SUFFIX,exler.ru
DOMAIN-SUFFIX,f.vision
DOMAIN-SUFFIX,facebook.com
DOMAIN-SUFFIX,fb.com
DOMAIN-SUFFIX,fb.me
DOMAIN-SUFFIX,fbcdn.net
DOMAIN-SUFFIX,fbsbx.com
DOMAIN-SUFFIX,fburl.com
DOMAIN-SUFFIX,fex.net
DOMAIN-SUFFIX,files.oaiusercontent.com
DOMAIN-SUFFIX,filmix.biz
DOMAIN-SUFFIX,firefly-ps.adobe.io
DOMAIN-SUFFIX,flibusta.is
DOMAIN-SUFFIX,fluke.com
DOMAIN-SUFFIX,fork.pet
DOMAIN-SUFFIX,forklog.com
DOMAIN-SUFFIX,formula1.com
DOMAIN-SUFFIX,forum.voynaplemyon.com
DOMAIN-SUFFIX,gallery.zetalliance.org
DOMAIN-SUFFIX,gateway.facebook.com
DOMAIN-SUFFIX,geni.us
DOMAIN-SUFFIX,genius.com
DOMAIN-SUFFIX,getoutline.org
DOMAIN-SUFFIX,github.com
DOMAIN-SUFFIX,gitlab.io
DOMAIN-SUFFIX,gllto.glpals.com
DOMAIN-SUFFIX,gnome-look.org
DOMAIN-SUFFIX,golosameriki.com
DOMAIN-SUFFIX,googletagmanager.com
DOMAIN-SUFFIX,googlevideo.com
DOMAIN-SUFFIX,gordonua.com
DOMAIN-SUFFIX,grammarly.com
DOMAIN-SUFFIX,graph.facebook.com
DOMAIN-SUFFIX,gravatar.com
DOMAIN-SUFFIX,grazie.ai
DOMAIN-SUFFIX,gulagu.net
DOMAIN-SUFFIX,hd.zetfix.online
DOMAIN-SUFFIX,helm.releases.hashicorp.com
DOMAIN-SUFFIX,holod.global.ssl.fastly.net
DOMAIN-SUFFIX,holod.media
DOMAIN-SUFFIX,hyperhost.ua
DOMAIN-SUFFIX,ichef.bbci.co.uk
DOMAIN-SUFFIX,ifconfig.me
DOMAIN-SUFFIX,igcdn.com
DOMAIN-SUFFIX,iichan.hk
DOMAIN-SUFFIX,image.tmdb.org
DOMAIN-SUFFIX,instagram.com
DOMAIN-SUFFIX,instagram.fhrk1-1.fna.fbcdn.net
DOMAIN-SUFFIX,instagram.fkun2-1.fna.fbcdn.net
DOMAIN-SUFFIX,instagram.frix7-1.fna.fbcdn.net
DOMAIN-SUFFIX,instagram.fvno2-1.fna.fbcdn.net
DOMAIN-SUFFIX,intel.com
DOMAIN-SUFFIX,ios.chat.openai.com
DOMAIN-SUFFIX,ipinfo.io
DOMAIN-SUFFIX,istories.media
DOMAIN-SUFFIX,jetbrans.com
DOMAIN-SUFFIX,jsfiddle.net
DOMAIN-SUFFIX,kasparov.ru
DOMAIN-SUFFIX,kavkaz-uzel.eu
DOMAIN-SUFFIX,kemono.party
DOMAIN-SUFFIX,kino.pub
DOMAIN-SUFFIX,kinobase.org
DOMAIN-SUFFIX,kinokopilka.pro
DOMAIN-SUFFIX,kinovod.net
DOMAIN-SUFFIX,kinozal.me
DOMAIN-SUFFIX,kinozal.tv
DOMAIN-SUFFIX,korrespondent.net
DOMAIN-SUFFIX,kpapp.link
DOMAIN-SUFFIX,l.facebook.com
DOMAIN-SUFFIX,lenovo.com
DOMAIN-SUFFIX,lib.rus.ec
DOMAIN-SUFFIX,libgen.rs
DOMAIN-SUFFIX,licdn.com
DOMAIN-SUFFIX,linkedin.com
DOMAIN-SUFFIX,linuxiac.com
DOMAIN-SUFFIX,lnkd.in
DOMAIN-SUFFIX,localbitcoins.com
DOMAIN-SUFFIX,lostfilm.run
DOMAIN-SUFFIX,lostfilm.tv
DOMAIN-SUFFIX,lostfilm.win
DOMAIN-SUFFIX,m.strava.com
DOMAIN-SUFFIX,macpaw.com
DOMAIN-SUFFIX,macvendors.com
DOMAIN-SUFFIX,mail.protonmail.com
DOMAIN-SUFFIX,malwarebytes.com
DOMAIN-SUFFIX,marketplace.atlassian.com
DOMAIN-SUFFIX,master.qt.io
DOMAIN-SUFFIX,mattermost.com
DOMAIN-SUFFIX,maxmind.com
DOMAIN-SUFFIX,mdza.io
DOMAIN-SUFFIX,mediazona.ca
DOMAIN-SUFFIX,mediazona.online
DOMAIN-SUFFIX,medium.com
DOMAIN-SUFFIX,meduza.io
DOMAIN-SUFFIX,meetup.com
DOMAIN-SUFFIX,megapeer.ru
DOMAIN-SUFFIX,memohrc.org
DOMAIN-SUFFIX,meta.com
DOMAIN-SUFFIX,metacritic.com
DOMAIN-SUFFIX,meteo.paraplan.net
DOMAIN-SUFFIX,mobile.events.data.microsoft.com
DOMAIN-SUFFIX,monster.ie
DOMAIN-SUFFIX,mouser.com
DOMAIN-SUFFIX,mrakopedia.net
DOMAIN-SUFFIX,my.atlassian.com
DOMAIN-SUFFIX,myworld-portal.leica-geosystems.com
DOMAIN-SUFFIX,nasvsehtoshnit.ru
DOMAIN-SUFFIX,navalny.com
DOMAIN-SUFFIX,netflix.com
DOMAIN-SUFFIX,netpeaksoftware.com
DOMAIN-SUFFIX,news.google.com
DOMAIN-SUFFIX,newstudio.tv
DOMAIN-SUFFIX,newtimes.ru
DOMAIN-SUFFIX,nih.gov
DOMAIN-SUFFIX,nnmclub.ro
DOMAIN-SUFFIX,nnmclub.to
DOMAIN-SUFFIX,nordvpn.com
DOMAIN-SUFFIX,notebooklm.google.com
DOMAIN-SUFFIX,novayagazeta.eu
DOMAIN-SUFFIX,novayagazeta.ru
DOMAIN-SUFFIX,ntc.party
DOMAIN-SUFFIX,nyaa.si
DOMAIN-SUFFIX,nyaa.tracker.wf
DOMAIN-SUFFIX,oaistatic.com
DOMAIN-SUFFIX,oasis.app
DOMAIN-SUFFIX,omv-extras.org
DOMAIN-SUFFIX,onlineradiobox.com
DOMAIN-SUFFIX,onlinesim.ru
DOMAIN-SUFFIX,open.spotify.com
DOMAIN-SUFFIX,openai.com
DOMAIN-SUFFIX,openwrt.org
DOMAIN-SUFFIX,os.mbed.com
DOMAIN-SUFFIX,ovd.info
DOMAIN-SUFFIX,ovdinfo.org
DOMAIN-SUFFIX,packages.gitlab.com
DOMAIN-SUFFIX,pandasecurity.com
DOMAIN-SUFFIX,paperpaper.ru
DOMAIN-SUFFIX,path3.xtracloud.net
DOMAIN-SUFFIX,patreon.com
DOMAIN-SUFFIX,pay.buckaroo.nl
DOMAIN-SUFFIX,paypal.com
DOMAIN-SUFFIX,pb.wtf
DOMAIN-SUFFIX,pbs.twimg.com
DOMAIN-SUFFIX,pcbway.com
DOMAIN-SUFFIX,pcbway.ru
DOMAIN-SUFFIX,php.su
DOMAIN-SUFFIX,piccy.info
DOMAIN-SUFFIX,pixiv.net
DOMAIN-SUFFIX,plab.site
DOMAIN-SUFFIX,platform.twitter.com
DOMAIN-SUFFIX,polit.ru
DOMAIN-SUFFIX,portal.bgpmon.net
DOMAIN-SUFFIX,proekt.media
DOMAIN-SUFFIX,proton.me
DOMAIN-SUFFIX,protonmail.com
DOMAIN-SUFFIX,quora.com
DOMAIN-SUFFIX,radarr.servarr.com
DOMAIN-SUFFIX,radiosvoboda.org
DOMAIN-SUFFIX,ratatype.ua
DOMAIN-SUFFIX,raw-data.gitlab.io
DOMAIN-SUFFIX,redis.com
DOMAIN-SUFFIX,refactoring.guru
DOMAIN-SUFFIX,refinitiv.com
DOMAIN-SUFFIX,registry.terraform.io
DOMAIN-SUFFIX,releases.hashicorp.com
DOMAIN-SUFFIX,repo.mongodb.org
DOMAIN-SUFFIX,republic.ru
DOMAIN-SUFFIX,resp.app
DOMAIN-SUFFIX,rpm.grafana.com
DOMAIN-SUFFIX,ru.bellingcat.com
DOMAIN-SUFFIX,ru.depositphotos.com
DOMAIN-SUFFIX,ru.euronews.com
DOMAIN-SUFFIX,ru.iherb.com
DOMAIN-SUFFIX,ru.krymr.com
DOMAIN-SUFFIX,rus-media.org
DOMAIN-SUFFIX,rus.delfi.lv
DOMAIN-SUFFIX,rustorka.com
DOMAIN-SUFFIX,rutor.info
DOMAIN-SUFFIX,rutor.is
DOMAIN-SUFFIX,rutor.org
DOMAIN-SUFFIX,rutracker.org
DOMAIN-SUFFIX,rutracker.ru
DOMAIN-SUFFIX,s3-1.amazonaws.com
DOMAIN-SUFFIX,saverudata.info
DOMAIN-SUFFIX,scontent.cdninstagram.com
DOMAIN-SUFFIX,searchfloor.org
DOMAIN-SUFFIX,sebeanus.online
DOMAIN-SUFFIX,secure-web.cisco.com
DOMAIN-SUFFIX,seedoff.zannn.top
DOMAIN-SUFFIX,semnasem.org
DOMAIN-SUFFIX,serpstat.com
DOMAIN-SUFFIX,setapp.com
DOMAIN-SUFFIX,singlekey-id.com
DOMAIN-SUFFIX,skladchik.com
DOMAIN-SUFFIX,skladchina.biz
DOMAIN-SUFFIX,skyscanner.com
DOMAIN-SUFFIX,slideshare.net
DOMAIN-SUFFIX,soapui.org
DOMAIN-SUFFIX,sobesednik.ru
DOMAIN-SUFFIX,soundcloud.com
DOMAIN-SUFFIX,spotify.com
DOMAIN-SUFFIX,st.kinovod.net
DOMAIN-SUFFIX,static.cdninstagram.com
DOMAIN-SUFFIX,static.files.bbci.co.uk
DOMAIN-SUFFIX,static.rutracker.cc
DOMAIN-SUFFIX,strava.com
DOMAIN-SUFFIX,stulchik.net
DOMAIN-SUFFIX,support.cambiumnetworks.com
DOMAIN-SUFFIX,support.huawei.com
DOMAIN-SUFFIX,support.ruckuswireless.com
DOMAIN-SUFFIX,svoboda.org
DOMAIN-SUFFIX,svtv.org
DOMAIN-SUFFIX,swagger.io
DOMAIN-SUFFIX,sydney.bing.com
DOMAIN-SUFFIX,sysdig.com
DOMAIN-SUFFIX,t.co
DOMAIN-SUFFIX,tayga.info
DOMAIN-SUFFIX,tcr9i.chat.openai.com
DOMAIN-SUFFIX,terraform.io
DOMAIN-SUFFIX,theins.press
DOMAIN-SUFFIX,theins.ru
DOMAIN-SUFFIX,themoviedb.org
DOMAIN-SUFFIX,thepiratebay.org
DOMAIN-SUFFIX,tidal.com
DOMAIN-SUFFIX,timberland.com
DOMAIN-SUFFIX,tjournal.ru
DOMAIN-SUFFIX,tmdb.org
DOMAIN-SUFFIX,tokenized.play.google.com
DOMAIN-SUFFIX,tools.cisco.com
DOMAIN-SUFFIX,torproject.org
DOMAIN-SUFFIX,torrent.by
DOMAIN-SUFFIX,tr.anidub.com
DOMAIN-SUFFIX,tracker.opentrackr.org
DOMAIN-SUFFIX,truthsocial.com
DOMAIN-SUFFIX,tumblr.com
DOMAIN-SUFFIX,tutanota.com
DOMAIN-SUFFIX,tvrain.ru
DOMAIN-SUFFIX,twimg.com
DOMAIN-SUFFIX,twitter.co
DOMAIN-SUFFIX,twitter.com
DOMAIN-SUFFIX,twitthat.com
DOMAIN-SUFFIX,twtkr.com
DOMAIN-SUFFIX,twttr.com
DOMAIN-SUFFIX,ufile.io
DOMAIN-SUFFIX,underver.se
DOMAIN-SUFFIX,unfiltered.adguard-dns.com
DOMAIN-SUFFIX,unian.net
DOMAIN-SUFFIX,uniongang.tv
DOMAIN-SUFFIX,vectorworks.net
DOMAIN-SUFFIX,velocidrone.com
DOMAIN-SUFFIX,verstka.media
DOMAIN-SUFFIX,vhd.zetflix.online
DOMAIN-SUFFIX,video.twimg.com
DOMAIN-SUFFIX,vimeo.com
DOMAIN-SUFFIX,vimeocdn.com
DOMAIN-SUFFIX,vipdrive.net
DOMAIN-SUFFIX,vot-tak.tv
DOMAIN-SUFFIX,vrv.co
DOMAIN-SUFFIX,vyos.io
DOMAIN-SUFFIX,watchguard.com
DOMAIN-SUFFIX,weather.com
DOMAIN-SUFFIX,weblance.com.ua
DOMAIN-SUFFIX,welt.de
DOMAIN-SUFFIX,wetransfer.com
DOMAIN-SUFFIX,wheather.com
DOMAIN-SUFFIX,windguru.cz
DOMAIN-SUFFIX,wixmp.com
DOMAIN-SUFFIX,wunderground.com
DOMAIN-SUFFIX,x.com
DOMAIN-SUFFIX,xbox.com
DOMAIN-SUFFIX,youtu.be
DOMAIN-SUFFIX,youtube.com
DOMAIN-SUFFIX,yt3.ggpht.com
DOMAIN-SUFFIX,zetflix.online
DOMAIN-SUFFIX,znanija.com
DOMAIN-SUFFIX,zohomail.com
DOMAIN-SUFFIX,zona.media
DOMAIN-KEYWORD,chatgpt
DOMAIN-KEYWORD,deepl
DOMAIN-KEYWORD,foxnews
DOMAIN-KEYWORD,instagram
DOMAIN-KEYWORD,kahoot
DOMAIN-KEYWORD,lichess
DOMAIN-KEYWORD,microsoft
DOMAIN-KEYWORD,openai
DOMAIN-KEYWORD,youtube
